0x50;63357.37;-0.0024;0.0034;0.9995;0.0000;0.0000;0.0000;0.1923;0.1263;-169.7552;0.0000;0;0;0;0.00000;0.00000;0.00000;0.00000 
0x50;63357.444;-0.0020;0.0029;1.0000;0.0000;0.0000;0.0000;0.1923;0.1263;-169.7498;0.0000;0;0;0;0.00000;0.00000;0.00000;0.00000 
0x50;63357.542;-0.0020;0.0039;0.9995;0.0000;0.0000;0.0000;0.1978;0.1263;-169.7498;0.0000;0;0;0;0.00000;0.00000;0.00000;0.00000 
0x50;63357.64;-0.0020;0.0034;0.9990;0.0000;0.0000;0.0000;0.1923;0.1263;-169.7552;0.0000;0;0;0;0.00000;0.00000;0.00000;0.00000 
0x50;63357.739;-0.0020;0.0029;1.0000;0.0000;0.0000;0.0000;0.1923;0.1263;-169.7498;0.0000;0;0;0;0.00000;0.00000;0.00000;0.00000 
0x50;63357.838;-0.0024;0.0034;0.9995;0.0000;0.0000;0.0000;0.1978;0.1208;-169.7498;0.0000;0;0;0;0.00000;0.00000;0.00000;0.00000 
0x50;63357.937;-0.0024;0.0029;0.9995;0.0000;0.0000;0.0000;0.1923;0.1208;-169.7552;0.0000;0;0;0;0.00000;0.00000;0.00000;0.00000 
0x50;63358.036;-0.0024;0.0044;0.9990;0.0000;0.0000;0.0000;0.1923;0.1263;-169.7552;0.0000;0;0;0;0.00000;0.00000;0.00000;0.00000 
0x50;63358.135;-0.0024;0.0034;0.9985;0.0000;0.0000;0.0000;0.1923;0.1208;-169.7662;0.0000;0;0;0;0.00000;0.00000;0.00000;0.00000 
0x50;63358.249;-0.0029;0.0039;1.0005;0.0000;0.0000;0.0000;0.1923;0.1208;-169.7662;0.0000;0;0;0;0.00000;0.00000;0.00000;0.00000 
0x50;63358.332;-0.0015;0.0044;0.9995;0.0000;0.0000;0.0000;0.1923;0.1263;-169.7662;0.0000;0;0;0;0.00000;0.00000;0.00000;0.00000 
0x50;63358.431;-0.0020;0.0039;0.9990;0.0000;0.0000;0.0000;0.1978;0.1263;-169.7717;0.0000;0;0;0;0.00000;0.00000;0.00000;0.00000 
0x50;63358.529;-0.0015;0.0034;0.9995;0.0000;0.0000;0.0000;0.1923;0.1208;-169.7772;0.0000;0;0;0;0.00000;0.00000;0.00000;0.00000 
0x50;63358.631;-0.0024;0.0029;0.9990;0.0000;0.0000;0.0000;0.1923;0.1208;-169.7827;0.0000;0;0;0;0.00000;0.00000;0.00000;0.00000 
0x50;63358.727;-0.0024;0.0034;0.9990;0.0000;0.0000;0.0000;0.1923;0.1208;-169.7772;0.0000;0;0;0;0.00000;0.00000;0.00000;0.00000 
0x50;63358.852;-0.0020;0.0034;0.9990;0.0000;0.0000;0.0000;0.1978;0.1208;-169.7662;0.0000;0;0;0;0.00000;0.00000;0.00000;0.00000 
0x50;63358.924;-0.0024;0.0034;1.0000;0.0000;0.0000;0.0000;0.1978;0.1208;-169.7662;0.0000;0;0;0;0.00000;0.00000;0.00000;0.00000 
0x50;63359.025;-0.0020;0.0029;0.9985;0.0000;0.0000;0.0000;0.1978;0.1208;-169.7662;0.0000;0;0;0;0.00000;0.00000;0.00000;0.00000 
0x50;63359.121;-0.0024;0.0029;1.0000;0.0000;0.0000;0.0000;0.1978;0.1208;-169.7662;0.0000;0;0;0;0.00000;0.00000;0.00000;0.00000 
0x50;63359.246;-0.0020;0.0029;1.0000;0.0000;0.0000;0.0000;0.1978;0.1208;-169.7607;0.0000;0;0;0;0.00000;0.00000;0.00000;0.00000 
0x50;63359.319;-0.0020;0.0034;0.9990;0.0000;0.0000;0.0000;0.1978;0.1208;-169.7498;0.0000;0;0;0;0.00000;0.00000;0.00000;0.00000 
0x50;63359.418;-0.0024;0.0039;1.0000;0.0000;0.0000;0.0000;0.1978;0.1208;-169.7388;0.0000;0;0;0;0.00000;0.00000;0.00000;0.00000 
0x50;63359.517;-0.0029;0.0039;0.9995;0.0000;0.0000;0.0000;0.1978;0.1208;-169.7278;0.0000;0;0;0;0.00000;0.00000;0.00000;0.00000 
0x50;63359.623;-0.0024;0.0029;0.9995;0.0000;0.0000;0.0000;0.1923;0.1208;-169.7278;0.0000;0;0;0;0.00000;0.00000;0.00000;0.00000 
0x50;63359.714;-0.0024;0.0029;0.9995;0.0000;0.0000;0.0000;0.1923;0.1208;-169.7223;0.0000;0;0;0;0.00000;0.00000;0.00000;0.00000 
0x50;63359.846;-0.0020;0.0024;0.9995;0.0000;0.0000;0.0000;0.1923;0.1208;-169.7168;0.0000;0;0;0;0.00000;0.00000;0.00000;0.00000 
0x50;63359.911;-0.0029;0.0039;0.9985;0.0000;0.0000;0.0000;0.1923;0.1208;-169.7168;0.0000;0;0;0;0.00000;0.00000;0.00000;0.00000 
0x50;63360.01;-0.0029;0.0039;0.9995;0.0000;0.0000;0.0000;0.1923;0.1208;-169.7223;0.0000;0;0;0;0.00000;0.00000;0.00000;0.00000 
0x50;63360.108;-0.0020;0.0034;0.9995;0.0000;0.0000;0.0000;0.1978;0.1208;-169.7223;0.0000;0;0;0;0.00000;0.00000;0.00000;0.00000 
0x50;63360.212;-0.0024;0.0034;0.9995;0.0000;0.0000;0.0000;0.1923;0.1208;-169.7223;0.0000;0;0;0;0.00000;0.00000;0.00000;0.00000 
0x50;63360.306;-0.0015;0.0029;0.9990;0.0000;0.0000;0.0000;0.1978;0.1208;-169.7168;0.0000;0;0;0;0.00000;0.00000;0.00000;0.00000 
0x50;63360.437;-0.0015;0.0029;0.9995;0.0000;0.0000;0.0000;0.1923;0.1208;-169.7113;0.0000;0;0;0;0.00000;0.00000;0.00000;0.00000 
0x50;63360.503;-0.0020;0.0044;0.9995;0.0000;0.0000;0.0000;0.1923;0.1208;-169.7113;0.0000;0;0;0;0.00000;0.00000;0.00000;0.00000 
0x50;63360.602;-0.0024;0.0034;0.9995;0.0000;0.0000;0.0000;0.1978;0.1208;-169.7113;0.0000;0;0;0;0.00000;0.00000;0.00000;0.00000 
0x50;63360.701;-0.0024;0.0034;0.9995;0.0000;0.0000;0.0000;0.1978;0.1208;-169.7113;0.0000;0;0;0;0.00000;0.00000;0.00000;0.00000 
0x50;63360.8;-0.0029;0.0039;0.9995;0.0000;0.0000;0.0000;0.1978;0.1208;-169.7058;0.0000;0;0;0;0.00000;0.00000;0.00000;0.00000 
0x50;63360.901;-0.0024;0.0034;0.9995;0.0000;0.0000;0.0000;0.1978;0.1208;-169.7058;0.0000;0;0;0;0.00000;0.00000;0.00000;0.00000 
0x50;63360.997;-0.0020;0.0039;1.0000;0.0000;0.0000;0.0000;0.1978;0.1208;-169.7058;0.0000;0;0;0;0.00000;0.00000;0.00000;0.00000 
0x50;63361.096;-0.0020;0.0034;0.9990;0.0000;0.0000;0.0000;0.1978;0.1208;-169.7058;0.0000;0;0;0;0.00000;0.00000;0.00000;0.00000 
0x50;63361.194;-0.0029;0.0039;1.0000;0.0000;0.0000;0.0000;0.1978;0.1208;-169.7113;0.0000;0;0;0;0.00000;0.00000;0.00000;0.00000 
0x50;63361.293;0.0015;0.0054;1.0752;0.2441;0.1221;0.0000;0.2142;0.1208;-169.7223;0.0000;0;0;0;0.00000;0.00000;0.00000;0.00000 
0x50;63361.392;0.0010;0.0059;1.0693;0.0000;0.0000;0.0000;0.2142;0.1208;-169.7278;0.0000;0;0;0;0.00000;0.00000;0.00000;0.00000 
0x50;63361.491;0.0005;0.0049;1.0864;0.1221;0.0000;-0.0610;0.2142;0.1208;-169.7333;0.0000;0;0;0;0.00000;0.00000;0.00000;0.00000 
0x50;63361.589;-0.0005;0.0059;1.0801;0.0000;0.0610;-0.0610;0.2142;0.1208;-169.7552;0.0000;0;0;0;0.00000;0.00000;0.00000;0.00000 
0x50;63361.688;0.0000;0.0034;1.0825;0.0000;0.0000;0.0000;0.2142;0.1208;-169.7827;0.0000;0;0;0;0.00000;0.00000;0.00000;0.00000 
0x50;63361.787;-0.0010;0.0029;1.0854;0.0000;0.0000;0.0000;0.2142;0.1154;-169.8267;0.0000;0;0;0;0.00000;0.00000;0.00000;0.00000 
0x50;63361.897;-0.0020;0.0049;1.0874;0.0000;0.0000;0.0000;0.2142;0.1099;-169.8926;0.0000;0;0;0;0.00000;0.00000;0.00000;0.00000 
0x50;63361.984;-0.0024;0.0039;1.0825;0.0000;0.0000;0.0000;0.2142;0.1099;-169.9750;0.0000;0;0;0;0.00000;0.00000;0.00000;0.00000 
0x50;63362.083;-0.0024;0.0044;1.0815;0.0000;0.0000;0.0000;0.2142;0.1099;-170.0684;0.0000;0;0;0;0.00000;0.00000;0.00000;0.00000 
0x50;63362.182;0.0000;0.0039;1.0757;0.0000;0.0000;0.0000;0.2142;0.1044;-170.1892;0.0000;0;0;0;0.00000;0.00000;0.00000;0.00000 
0x50;63362.283;-0.0024;0.0049;1.0654;0.0000;0.0000;0.0000;0.2197;0.1044;-170.3210;0.0000;0;0;0;0.00000;0.00000;0.00000;0.00000 
0x50;63362.379;-0.0005;0.0063;1.0439;0.0000;0.0000;0.0000;0.2197;0.1044;-170.4858;0.0000;0;0;0;0.00000;0.00000;0.00000;0.00000 
0x50;63362.506;-0.0020;0.0049;1.0376;0.0000;0.0000;0.0000;0.2197;0.1044;-170.6506;0.0000;0;0;0;0.00000;0.00000;0.00000;0.00000 
0x50;63362.577;-0.0039;0.0029;1.0156;-0.0610;0.0000;0.0000;0.2142;0.1044;-170.8484;0.0000;0;0;0;0.00000;0.00000;0.00000;0.00000 
0x50;63362.675;-0.0020;0.0054;1.0181;0.0610;0.0000;0.0000;0.2197;0.0989;-171.0681;0.0000;0;0;0;0.00000;0.00000;0.00000;0.00000 
0x50;63362.774;-0.0010;0.0044;1.0137;0.0000;0.0000;0.0000;0.2197;0.0989;-171.3098;0.0000;0;0;0;0.00000;0.00000;0.00000;0.00000 
0x50;63362.889;-0.0024;0.0044;1.0054;0.1221;0.0000;0.0610;0.2252;0.0989;-171.5515;0.0000;0;0;0;0.00000;0.00000;0.00000;0.00000 
0x50;63362.972;-0.0024;0.0044;1.0083;-0.0610;0.0000;0.0610;0.2252;0.0989;-171.8262;0.0000;0;0;0;0.00000;0.00000;0.00000;0.00000 
0x50;63363.07;0.0015;0.0088;1.0010;0.2441;0.0610;0.0000;0.2307;0.1044;-172.1173;0.0000;0;0;0;0.00000;0.00000;0.00000;0.00000 
0x50;63363.171;-0.0044;0.0034;1.0005;-0.3662;0.0000;0.1831;0.2362;0.0989;-172.4359;0.0000;0;0;0;0.00000;0.00000;0.00000;0.00000 
0x50;63363.268;-0.0015;0.0034;1.0034;0.0000;0.0000;0.0610;0.2362;0.1044;-172.7875;0.0000;0;0;0;0.00000;0.00000;0.00000;0.00000 
0x50;63363.367;0.0010;0.0078;0.9932;0.0000;0.0000;0.0610;0.2362;0.1099;-173.1500;0.0000;0;0;0;0.00000;0.00000;0.00000;0.00000 
0x50;63363.499;-0.0044;0.0083;1.0020;-0.2441;0.0000;0.1221;0.2417;0.1154;-173.5236;0.0000;0;0;0;0.00000;0.00000;0.00000;0.00000 
0x50;63363.564;0.0000;0.0029;1.0039;0.0610;0.0000;0.0000;0.2362;0.1154;-173.9191;0.0000;0;0;0;0.00000;0.00000;0.00000;0.00000 
0x50;63363.663;-0.0034;0.0083;1.0020;0.0000;0.0000;0.0610;0.2417;0.1154;-174.3530;0.0000;0;0;0;0.00000;0.00000;0.00000;0.00000 
0x50;63363.762;-0.0010;0.0063;0.9985;0.3052;0.0000;0.0000;0.2472;0.1154;-174.8090;0.0000;0;0;0;0.00000;0.00000;0.00000;0.00000 
0x50;63363.89;-0.0010;0.0044;0.9961;-0.0610;0.0000;0.0610;0.2472;0.1208;-175.2814;0.0000;0;0;0;0.00000;0.00000;0.00000;0.00000 
0x50;63363.96;-0.0005;0.0073;0.9971;0.0000;0.0000;0.0610;0.2472;0.1099;-175.8087;0.0000;0;0;0;0.00000;0.00000;0.00000;0.00000 
0x50;63364.058;-0.0010;0.0039;1.0020;0.0000;0.0000;0.0000;0.2472;0.1154;-176.3361;0.0000;0;0;0;0.00000;0.00000;0.00000;0.00000 
0x50;63364.157;0.0000;0.0078;0.9976;0.0000;0.0000;0.0000;0.2527;0.1154;-176.9073;0.0000;0;0;0;0.00000;0.00000;0.00000;0.00000 
0x50;63364.255;0.0039;0.0107;1.0015;0.0000;0.0000;0.0000;0.2527;0.1154;-177.4896;0.0000;0;0;0;0.00000;0.00000;0.00000;0.00000 
0x50;63364.354;-0.0059;0.0000;0.9995;0.0000;0.0000;0.0000;0.2527;0.1154;-178.1049;0.0000;0;0;0;0.00000;0.00000;0.00000;0.00000 
0x50;63364.479;0.0029;0.0127;1.0010;-0.1831;0.0000;0.0610;0.2637;0.1154;-178.7366;0.0000;0;0;0;0.00000;0.00000;0.00000;0.00000 
0x50;63364.552;-0.0044;0.0029;1.0000;0.0610;0.0000;0.0000;0.2582;0.1099;-179.3903;0.0000;0;0;0;0.00000;0.00000;0.00000;0.00000 
0x50;63364.651;0.0000;-0.0010;1.0015;-0.4272;0.0000;0.1831;0.2637;0.1099;179.9176;0.0000;0;0;0;0.00000;0.00000;0.00000;0.00000 
0x50;63364.75;-0.0020;0.0122;1.0015;0.3662;-0.0610;-0.0610;0.2637;0.1099;179.2145;0.0000;0;0;0;0.00000;0.00000;0.00000;0.00000 
0x50;63364.848;-0.0029;-0.0020;1.0010;-0.0610;0.0000;0.0000;0.2637;0.1044;178.4894;0.0000;0;0;0;0.00000;0.00000;0.00000;0.00000 
0x50;63364.946;-0.0015;0.0117;1.0029;0.0610;0.0000;0.0610;0.2582;0.1044;177.7478;0.0000;0;0;0;0.00000;0.00000;0.00000;0.00000 
0x50;63365.046;0.0000;-0.0024;1.0029;0.0000;0.0000;0.0000;0.2582;0.0989;176.9403;0.0000;0;0;0;0.00000;0.00000;0.00000;0.00000 
0x50;63365.145;-0.0029;0.0039;0.9971;-0.0610;-0.0610;0.0610;0.2582;0.0934;176.0669;0.0000;0;0;0;0.00000;0.00000;0.00000;0.00000 
0x50;63365.243;-0.0029;0.0044;0.9961;0.0000;0.0000;0.0000;0.2582;0.0934;175.1495;0.0000;0;0;0;0.00000;0.00000;0.00000;0.00000 
0x50;63365.342;0.0000;0.0059;0.9976;-0.2441;0.0000;0.0610;0.2527;0.0879;174.2047;0.0000;0;0;0;0.00000;0.00000;0.00000;0.00000 
0x50;63365.441;-0.0010;0.0088;0.9995;0.0000;0.0000;0.0000;0.2582;0.0879;173.2654;0.0000;0;0;0;0.00000;0.00000;0.00000;0.00000 
0x50;63365.539;-0.0054;0.0054;0.9985;-0.1221;0.0000;0.0000;0.2527;0.0879;172.3260;0.0000;0;0;0;0.00000;0.00000;0.00000;0.00000 
0x50;63365.638;-0.0020;0.0044;0.9995;0.0000;0.0000;0.0000;0.2582;0.0879;171.4142;0.0000;0;0;0;0.00000;0.00000;0.00000;0.00000 
0x50;63365.755;-0.0029;0.0039;1.0049;0.0000;0.0000;0.0000;0.2582;0.0824;170.5078;0.0000;0;0;0;0.00000;0.00000;0.00000;0.00000 
0x50;63365.836;-0.0034;0.0068;0.9971;0.0000;0.0000;0.0000;0.2582;0.0824;169.6289;0.0000;0;0;0;0.00000;0.00000;0.00000;0.00000 
0x50;63365.975;-0.0010;0.0029;0.9956;0.0000;0.0000;0.0000;0.2582;0.0769;168.7665;0.0000;0;0;0;0.00000;0.00000;0.00000;0.00000 
0x50;63366.033;-0.0039;0.0078;1.0020;0.0000;0.0000;0.0000;0.2582;0.0769;167.9260;0.0000;0;0;0;0.00000;0.00000;0.00000;0.00000 
0x50;63366.132;-0.0044;0.0073;0.9971;0.0000;0.0000;0.0000;0.2582;0.0824;167.1240;0.0000;0;0;0;0.00000;0.00000;0.00000;0.00000 
0x50;63366.23;0.0020;0.0020;0.9966;0.0000;0.0000;0.0000;0.2582;0.0879;166.3385;0.0000;0;0;0;0.00000;0.00000;0.00000;0.00000 
0x50;63366.355;-0.0068;0.0068;1.0020;0.1831;0.0000;-0.2441;0.2637;0.0879;165.5530;0.0000;0;0;0;0.00000;0.00000;0.00000;0.00000 
0x50;63366.428;-0.0020;0.0020;0.9971;-0.0610;0.0610;0.0000;0.2637;0.0879;164.7510;0.0000;0;0;0;0.00000;0.00000;0.00000;0.00000 
0x50;63366.527;0.0015;0.0063;0.9980;-0.0610;0.0000;-0.1221;0.2692;0.0934;163.9819;0.0000;0;0;0;0.00000;0.00000;0.00000;0.00000 
0x50;63366.626;-0.0005;0.0054;1.0029;0.0000;0.0610;-0.1221;0.2692;0.0879;163.2404;0.0000;0;0;0;0.00000;0.00000;0.00000;0.00000 
0x50;63366.754;-0.0010;0.0049;0.9932;0.0000;0.0000;0.0000;0.2692;0.0879;162.5317;0.0000;0;0;0;0.00000;0.00000;0.00000;0.00000 
0x50;63366.823;-0.0024;0.0010;1.0073;0.0000;0.0000;0.0000;0.2692;0.0879;161.8726;0.0000;0;0;0;0.00000;0.00000;0.00000;0.00000 
0x50;63366.922;-0.0034;-0.0020;0.9995;0.0000;0.0000;0.0000;0.2692;0.0879;161.2628;0.0000;0;0;0;0.00000;0.00000;0.00000;0.00000 
0x50;63367.021;-0.0020;0.0083;0.9980;0.0000;0.0000;0.0000;0.2747;0.0879;160.7080;0.0000;0;0;0;0.00000;0.00000;0.00000;0.00000 
0x50;63367.12;-0.0020;0.0029;0.9956;0.1221;0.0000;-0.1221;0.2692;0.0879;160.2246;0.0000;0;0;0;0.00000;0.00000;0.00000;0.00000 
0x50;63367.217;-0.0005;0.0010;1.0029;-0.0610;0.0000;0.0610;0.2747;0.0879;159.8181;0.0000;0;0;0;0.00000;0.00000;0.00000;0.00000 
0x50;63367.348;-0.0049;0.0044;0.9980;0.0610;0.0000;0.0000;0.2747;0.0879;159.5105;0.0000;0;0;0;0.00000;0.00000;0.00000;0.00000 
0x50;63367.415;-0.0015;0.0024;0.9995;0.0000;0.0000;0.0000;0.2747;0.0879;159.2963;0.0000;0;0;0;0.00000;0.00000;0.00000;0.00000 
0x50;63367.514;0.0000;0.0088;0.9937;0.0000;0.0000;0.0000;0.2802;0.0879;159.2029;0.0000;0;0;0;0.00000;0.00000;0.00000;0.00000 
0x50;63367.613;0.0034;0.0034;1.0034;0.0000;0.0000;0.0000;0.2747;0.0824;159.2633;0.0000;0;0;0;0.00000;0.00000;0.00000;0.00000 
0x50;63367.711;0.0010;0.0029;1.0039;0.0610;0.0000;-0.0610;0.2747;0.0824;159.5105;0.0000;0;0;0;0.00000;0.00000;0.00000;0.00000 
0x50;63367.81;0.0029;0.0093;0.9927;0.0000;0.0000;0.0000;0.2747;0.0879;159.9774;0.0000;0;0;0;0.00000;0.00000;0.00000;0.00000 
0x50;63367.909;0.0000;0.0059;1.0063;-0.1221;0.0000;0.0000;0.2856;0.0879;160.4938;0.0000;0;0;0;0.00000;0.00000;0.00000;0.00000 
0x50;63368.007;0.0024;0.0054;0.9980;0.0000;0.0000;0.0000;0.2856;0.0824;160.9937;0.0000;0;0;0;0.00000;0.00000;0.00000;0.00000 
0x50;63368.106;-0.0073;0.0039;0.9956;0.1831;0.0000;0.0000;0.2856;0.0824;161.4716;0.0000;0;0;0;0.00000;0.00000;0.00000;0.00000 
0x50;63368.204;0.0005;0.0088;1.0005;-0.1831;0.0000;0.0610;0.2911;0.0769;161.9495;0.0000;0;0;0;0.00000;0.00000;0.00000;0.00000 
0x50;63368.346;0.0000;0.0034;1.0010;0.2441;-0.0610;0.0000;0.2966;0.0824;162.4493;0.0000;0;0;0;0.00000;0.00000;0.00000;0.00000 
0x50;63368.402;0.0005;0.0044;0.9995;0.1221;0.0000;0.0000;0.2966;0.0769;162.9547;0.0000;0;0;0;0.00000;0.00000;0.00000;0.00000 
0x50;63368.501;0.0049;0.0044;0.9985;-0.1221;-0.0610;0.0610;0.2966;0.0769;163.4601;0.0000;0;0;0;0.00000;0.00000;0.00000;0.00000 
0x50;63368.6;-0.0054;0.0029;0.9951;0.1221;0.0000;0.0000;0.2911;0.0769;163.9764;0.0000;0;0;0;0.00000;0.00000;0.00000;0.00000 
0x50;63368.699;-0.0005;0.0107;0.9976;0.0610;-0.0610;0.0610;0.2966;0.0769;164.4598;0.0000;0;0;0;0.00000;0.00000;0.00000;0.00000 
0x50;63368.797;0.0010;0.0015;0.9961;0.0000;0.0000;0.0610;0.2911;0.0824;164.9487;0.0000;0;0;0;0.00000;0.00000;0.00000;0.00000 
0x50;63368.897;-0.0024;0.0000;1.0024;-0.1221;0.0000;0.0610;0.2911;0.0824;165.4321;0.0000;0;0;0;0.00000;0.00000;0.00000;0.00000 
0x50;63368.994;0.0010;0.0078;1.0005;0.0000;0.0000;0.0000;0.2911;0.0824;165.8881;0.0000;0;0;0;0.00000;0.00000;0.00000;0.00000 
0x50;63369.093;0.0005;0.0029;0.9976;0.1221;-0.0610;0.0000;0.2856;0.0824;166.3165;0.0000;0;0;0;0.00000;0.00000;0.00000;0.00000 
0x50;63369.193;-0.0044;0.0063;1.0000;0.0610;-0.0610;0.0610;0.2856;0.0824;166.6406;0.0000;0;0;0;0.00000;0.00000;0.00000;0.00000 
0x50;63369.291;0.0010;0.0059;1.0015;0.0000;-0.0610;0.0610;0.2856;0.0824;166.8823;0.0000;0;0;0;0.00000;0.00000;0.00000;0.00000 
0x50;63369.419;-0.0005;0.0029;0.9980;0.0000;0.0000;0.0000;0.2856;0.0824;167.0087;0.0000;0;0;0;0.00000;0.00000;0.00000;0.00000 
0x50;63369.488;-0.0059;0.0039;0.9995;0.0000;0.0000;0.0000;0.2856;0.0824;166.9922;0.0000;0;0;0;0.00000;0.00000;0.00000;0.00000 
0x50;63369.588;-0.0020;0.0059;0.9990;0.0000;0.0000;0.0000;0.2802;0.0824;166.8329;0.0000;0;0;0;0.00000;0.00000;0.00000;0.00000 
0x50;63369.686;-0.0010;0.0068;0.9995;0.0000;0.0000;0.0000;0.2802;0.0824;166.4099;0.0000;0;0;0;0.00000;0.00000;0.00000;0.00000 
0x50;63369.804;-0.0044;0.0034;0.9912;0.0000;0.0000;0.0000;0.2802;0.0879;165.6134;0.0000;0;0;0;0.00000;0.00000;0.00000;0.00000 
0x50;63369.884;-0.0034;0.0068;1.0029;0.0000;0.0000;0.0000;0.2802;0.0879;164.6246;0.0000;0;0;0;0.00000;0.00000;0.00000;0.00000 
0x50;63370.025;-0.0020;0.0068;1.0005;0.0000;0.0000;0.0000;0.2802;0.0934;163.6359;0.0000;0;0;0;0.00000;0.00000;0.00000;0.00000 
0x50;63370.081;-0.0020;0.0054;0.9932;0.0000;0.0000;0.0000;0.2802;0.0879;162.6361;0.0000;0;0;0;0.00000;0.00000;0.00000;0.00000 
0x50;63370.188;-0.0020;0.0044;0.9990;0.0000;0.0000;0.0000;0.2747;0.0879;161.5924;0.0000;0;0;0;0.00000;0.00000;0.00000;0.00000 
0x50;63370.279;-0.0093;0.0000;0.9927;0.0610;0.0000;0.0000;0.2692;0.0989;160.4553;0.0000;0;0;0;0.00000;0.00000;0.00000;0.00000 
0x50;63370.413;-0.0039;0.0073;0.9990;-0.0610;0.0000;0.0000;0.2747;0.0934;159.1974;0.0000;0;0;0;0.00000;0.00000;0.00000;0.00000 
0x50;63370.476;0.0015;0.0083;1.0029;0.0000;0.0000;-0.0610;0.2747;0.0934;157.9010;0.0000;0;0;0;0.00000;0.00000;0.00000;0.00000 
0x50;63370.587;-0.0044;0.0000;0.9995;0.0000;0.0000;0.0000;0.2747;0.0989;156.6046;0.0000;0;0;0;0.00000;0.00000;0.00000;0.00000 
0x50;63370.674;0.0010;0.0063;1.0039;0.0000;0.0000;0.0000;0.2802;0.0989;155.3412;0.0000;0;0;0;0.00000;0.00000;0.00000;0.00000 
0x50;63370.773;0.0005;0.0063;1.0029;0.1221;0.0000;-0.0610;0.2802;0.0989;154.1437;0.0000;0;0;0;0.00000;0.00000;0.00000;0.00000 
0x50;63370.871;-0.0054;0.0039;0.9946;-0.0610;0.0000;0.0000;0.2802;0.0989;153.0396;0.0000;0;0;0;0.00000;0.00000;0.00000;0.00000 
0x50;63370.97;-0.0024;0.0059;1.0024;0.0000;0.0000;0.0000;0.2802;0.0989;152.0673;0.0000;0;0;0;0.00000;0.00000;0.00000;0.00000 
0x50;63371.069;0.0020;0.0029;1.0024;0.0000;0.0000;0.0000;0.2802;0.1044;151.2488;0.0000;0;0;0;0.00000;0.00000;0.00000;0.00000 
0x50;63371.207;0.0044;0.0044;0.9922;0.0000;0.0000;0.0000;0.2802;0.1044;150.5896;0.0000;0;0;0;0.00000;0.00000;0.00000;0.00000 
0x50;63371.267;-0.0029;0.0063;1.0000;0.0000;0.0000;0.0000;0.2747;0.1044;150.1117;0.0000;0;0;0;0.00000;0.00000;0.00000;0.00000 
0x50;63371.366;-0.0020;0.0039;1.0083;0.0000;0.0000;0.0000;0.2747;0.1044;149.7986;0.0000;0;0;0;0.00000;0.00000;0.00000;0.00000 
0x50;63371.464;-0.0029;0.0107;0.9897;0.0000;0.0000;0.0000;0.2802;0.0989;149.6228;0.0000;0;0;0;0.00000;0.00000;0.00000;0.00000 
0x50;63371.562;0.0039;0.0059;0.9956;0.0000;0.0000;0.0000;0.2747;0.0989;149.6558;0.0000;0;0;0;0.00000;0.00000;0.00000;0.00000 
0x50;63371.662;-0.0059;-0.0010;1.0024;0.0000;0.0000;0.0000;0.2692;0.0989;149.8206;0.0000;0;0;0;0.00000;0.00000;0.00000;0.00000 
0x50;63371.76;-0.0010;0.0054;1.0010;0.0000;0.0000;0.0000;0.2747;0.0989;150.1337;0.0000;0;0;0;0.00000;0.00000;0.00000;0.00000 
0x50;63371.859;0.0000;0.0088;0.9980;0.0000;0.0000;0.0000;0.2692;0.0989;150.5951;0.0000;0;0;0;0.00000;0.00000;0.00000;0.00000 
0x50;63371.959;-0.0039;0.0044;0.9951;0.0000;0.0000;0.0000;0.2692;0.0989;151.1499;0.0000;0;0;0;0.00000;0.00000;0.00000;0.00000 
0x50;63372.057;-0.0020;0.0068;1.0005;0.0000;0.0000;0.0000;0.2692;0.0989;151.7926;0.0000;0;0;0;0.00000;0.00000;0.00000;0.00000 
0x50;63372.156;-0.0010;0.0049;0.9980;0.0000;0.0000;0.0000;0.2692;0.0934;152.5287;0.0000;0;0;0;0.00000;0.00000;0.00000;0.00000 
0x50;63372.254;-0.0024;0.0020;1.0024;0.0000;0.0000;0.0000;0.2692;0.0989;153.3362;0.0000;0;0;0;0.00000;0.00000;0.00000;0.00000 
0x50;63372.353;0.0000;0.0054;0.9980;0.0000;0.0000;0.0000;0.2692;0.0989;154.1711;0.0000;0;0;0;0.00000;0.00000;0.00000;0.00000 
0x50;63372.481;-0.0020;0.0029;0.9956;0.0000;0.0000;0.0000;0.2692;0.0989;155.0391;0.0000;0;0;0;0.00000;0.00000;0.00000;0.00000 
0x50;63372.551;-0.0029;0.0063;0.9961;0.0000;0.0000;0.0000;0.2637;0.0934;155.9180;0.0000;0;0;0;0.00000;0.00000;0.00000;0.00000 
0x50;63372.649;-0.0034;0.0044;1.0034;0.0000;0.0000;0.0000;0.2637;0.0989;156.8024;0.0000;0;0;0;0.00000;0.00000;0.00000;0.00000 
0x50;63372.748;-0.0010;0.0034;0.9951;0.0000;0.0000;0.0000;0.2637;0.0989;157.6923;0.0000;0;0;0;0.00000;0.00000;0.00000;0.00000 
0x50;63372.852;0.0000;0.0039;1.0059;0.0000;0.0000;0.0000;0.2637;0.0989;158.5767;0.0000;0;0;0;0.00000;0.00000;0.00000;0.00000 
0x50;63372.946;-0.0039;0.0015;0.9985;0.0000;0.0000;0.0000;0.2637;0.0989;159.4611;0.0000;0;0;0;0.00000;0.00000;0.00000;0.00000 
0x50;63373.074;-0.0005;0.0049;1.0000;-0.0610;0.0000;0.0000;0.2637;0.0989;160.3345;0.0000;0;0;0;0.00000;0.00000;0.00000;0.00000 
0x50;63373.143;-0.0024;0.0000;1.0024;0.0000;0.0000;0.0000;0.2582;0.0989;161.1969;0.0000;0;0;0;0.00000;0.00000;0.00000;0.00000 
0x50;63373.242;-0.0039;0.0059;0.9956;0.0000;0.0000;0.0000;0.2582;0.0989;162.0593;0.0000;0;0;0;0.00000;0.00000;0.00000;0.00000 
0x50;63373.341;0.0020;0.0024;0.9990;0.0000;0.0000;0.0000;0.2637;0.0934;162.8998;0.0000;0;0;0;0.00000;0.00000;0.00000;0.00000 
0x50;63373.45;-0.0034;0.0029;1.0024;0.0000;0.0000;0.0000;0.2582;0.0989;163.7512;0.0000;0;0;0;0.00000;0.00000;0.00000;0.00000 
0x50;63373.538;0.0000;0.0073;1.0083;0.0000;0.0000;0.0000;0.2637;0.0934;164.5917;0.0000;0;0;0;0.00000;0.00000;0.00000;0.00000 
0x50;63373.637;-0.0068;-0.0005;0.9873;0.0000;0.0610;0.0000;0.2637;0.0989;165.4321;0.0000;0;0;0;0.00000;0.00000;0.00000;0.00000 
0x50;63373.736;0.0000;0.0000;0.9980;0.0000;0.0000;-0.0610;0.2582;0.0989;166.2561;0.0000;0;0;0;0.00000;0.00000;0.00000;0.00000 
0x50;63373.834;-0.0024;0.0083;1.0010;0.0000;0.0000;0.0000;0.2582;0.1044;167.0471;0.0000;0;0;0;0.00000;0.00000;0.00000;0.00000 
0x50;63373.933;0.0000;0.0073;0.9282;-0.5493;-0.0610;0.0000;0.2472;0.0989;167.7997;0.0000;0;0;0;0.00000;0.00000;0.00000;0.00000 
0x50;63374.032;-0.0088;0.0083;0.9624;-0.1831;0.0000;-0.0610;0.2472;0.1044;168.5138;0.0000;0;0;0;0.00000;0.00000;0.00000;0.00000 
0x50;63374.131;-0.0063;0.0020;0.9438;0.3052;0.0000;0.0000;0.2417;0.0989;169.1785;0.0000;0;0;0;0.00000;0.00000;0.00000;0.00000 
0x50;63374.266;0.0068;0.0034;0.9277;0.2441;0.0000;-0.0610;0.2472;0.1044;169.8047;0.0000;0;0;0;0.00000;0.00000;0.00000;0.00000 
0x50;63374.328;-0.0024;0.0000;0.9292;-0.1221;-0.0610;0.0000;0.2527;0.1099;170.3760;0.0000;0;0;0;0.00000;0.00000;0.00000;0.00000 
0x50;63374.427;-0.0049;-0.0015;0.9248;-0.0610;0.0000;0.0000;0.2527;0.1099;170.8923;0.0000;0;0;0;0.00000;0.00000;0.00000;0.00000 
0x50;63374.526;-0.0029;0.0015;0.9165;0.0000;0.0000;0.0000;0.2472;0.1099;171.3702;0.0000;0;0;0;0.00000;0.00000;0.00000;0.00000 
0x50;63374.658;0.0020;0.0054;0.8950;0.0000;0.0000;0.0000;0.2472;0.1154;171.8317;0.0000;0;0;0;0.00000;0.00000;0.00000;0.00000 
0x50;63374.724;-0.0029;0.0049;0.8843;0.0000;0.0000;0.0000;0.2472;0.1208;172.2546;0.0000;0;0;0;0.00000;0.00000;0.00000;0.00000 
0x50;63374.822;-0.0029;0.0044;0.9302;0.0000;0.0610;0.0000;0.2582;0.1208;172.6447;0.0000;0;0;0;0.00000;0.00000;0.00000;0.00000 
0x50;63374.921;-0.0020;0.0054;0.9800;0.0000;0.0000;0.0000;0.2692;0.1208;173.0237;0.0000;0;0;0;0.00000;0.00000;0.00000;0.00000 
0x50;63375.019;-0.0015;0.0068;0.9951;0.0610;0.0000;0.0000;0.2692;0.1208;173.3807;0.0000;0;0;0;0.00000;0.00000;0.00000;0.00000 
0x50;63375.118;-0.0005;0.0049;0.9966;0.0000;0.0000;0.0000;0.2747;0.1208;173.7048;0.0000;0;0;0;0.00000;0.00000;0.00000;0.00000 
0x50;63375.217;-0.0020;0.0039;0.9941;0.0000;0.0000;0.0000;0.2692;0.1154;174.0179;0.0000;0;0;0;0.00000;0.00000;0.00000;0.00000 
0x50;63375.317;-0.0024;0.0044;1.0015;0.0000;0.0000;0.0000;0.2692;0.1154;174.3146;0.0000;0;0;0;0.00000;0.00000;0.00000;0.00000 
0x50;63375.415;-0.0020;0.0054;1.0000;0.0000;0.0000;0.0000;0.2637;0.1099;174.5782;0.0000;0;0;0;0.00000;0.00000;0.00000;0.00000 
0x50;63375.529;-0.0005;0.0049;0.9995;0.0000;0.0000;0.0000;0.2637;0.1099;174.8364;0.0000;0;0;0;0.00000;0.00000;0.00000;0.00000 
0x50;63375.612;-0.0005;0.0049;0.9980;0.0000;0.0000;0.0000;0.2637;0.1099;175.0781;0.0000;0;0;0;0.00000;0.00000;0.00000;0.00000 
0x50;63375.711;-0.0024;0.0029;0.9971;0.0000;0.0000;0.0000;0.2637;0.1044;175.3033;0.0000;0;0;0;0.00000;0.00000;0.00000;0.00000 
0x50;63375.809;-0.0015;0.0039;1.0015;0.0000;0.0000;0.0000;0.2637;0.1044;175.5176;0.0000;0;0;0;0.00000;0.00000;0.00000;0.00000 
0x50;63375.908;-0.0024;0.0039;0.9971;0.0000;0.0000;0.0000;0.2582;0.1044;175.7208;0.0000;0;0;0;0.00000;0.00000;0.00000;0.00000 
0x50;63376.007;-0.0010;0.0054;0.9961;0.0000;0.0000;0.0000;0.2582;0.1044;175.9131;0.0000;0;0;0;0.00000;0.00000;0.00000;0.00000 
0x50;63376.117;-0.0024;0.0034;1.0034;0.0000;0.0000;0.0000;0.2582;0.1044;176.0889;0.0000;0;0;0;0.00000;0.00000;0.00000;0.00000 
0x50;63376.204;-0.0005;0.0044;0.9980;0.0000;0.0000;0.0000;0.2582;0.1044;176.2537;0.0000;0;0;0;0.00000;0.00000;0.00000;0.00000 
0x50;63376.333;-0.0010;0.0029;1.0005;0.0000;0.0000;0.0000;0.2582;0.1044;176.4185;0.0000;0;0;0;0.00000;0.00000;0.00000;0.00000 
0x50;63376.402;-0.0039;0.0039;0.9932;0.0000;0.0000;0.0000;0.2582;0.0989;176.5503;0.0000;0;0;0;0.00000;0.00000;0.00000;0.00000 
0x50;63376.5;0.0000;0.0054;0.9951;0.0000;0.0000;0.0000;0.2582;0.0989;176.6821;0.0000;0;0;0;0.00000;0.00000;0.00000;0.00000 
0x50;63376.599;-0.0005;0.0024;1.0068;0.0000;0.0000;0.0000;0.2527;0.0989;176.8030;0.0000;0;0;0;0.00000;0.00000;0.00000;0.00000 
0x50;63376.703;-0.0034;0.0059;1.0005;0.0000;0.0000;0.0000;0.2527;0.0989;176.9183;0.0000;0;0;0;0.00000;0.00000;0.00000;0.00000 
0x50;63376.797;-0.0005;0.0034;0.9946;0.0000;0.0000;0.0000;0.2527;0.0934;177.0172;0.0000;0;0;0;0.00000;0.00000;0.00000;0.00000 
0x50;63376.929;-0.0015;0.0039;1.0015;0.0000;0.0000;0.0000;0.2472;0.0934;177.1161;0.0000;0;0;0;0.00000;0.00000;0.00000;0.00000 
0x50;63376.995;-0.0020;0.0029;0.8979;0.1221;0.0000;0.0000;0.2307;0.0934;177.2205;0.0000;0;0;0;0.00000;0.00000;0.00000;0.00000 
0x50;63377.093;-0.0015;0.0005;0.8853;-0.1831;0.0000;0.0000;0.2252;0.0989;177.3193;0.0000;0;0;0;0.00000;0.00000;0.00000;0.00000 
0x50;63377.192;-0.0049;0.0044;0.9087;-0.1831;0.0000;0.0000;0.2307;0.1044;177.4127;0.0000;0;0;0;0.00000;0.00000;0.00000;0.00000 
0x50;63377.315;0.0010;0.0137;1.0410;-0.5493;-0.0610;0.1831;0.2747;0.1099;177.4841;0.0000;0;0;0;0.00000;0.00000;0.00000;0.00000 
0x50;63377.39;0.0010;0.0078;1.0249;0.1221;0.0000;0.0000;0.2582;0.1099;177.5830;0.0000;0;0;0;0.00000;0.00000;0.00000;0.00000 
0x50;63377.487;0.0029;0.0073;1.0010;0.1221;0.0000;-0.0610;0.2582;0.1099;177.6599;0.0000;0;0;0;0.00000;0.00000;0.00000;0.00000 
0x50;63377.586;0.0000;0.0029;1.0020;-0.0610;0.0000;-0.0610;0.2582;0.1099;177.7313;0.0000;0;0;0;0.00000;0.00000;0.00000;0.00000 
0x50;63377.685;-0.0044;0.0034;0.9966;-0.0610;0.0000;0.0000;0.2582;0.1099;177.7972;0.0000;0;0;0;0.00000;0.00000;0.00000;0.00000 
0x50;63377.784;-0.0029;0.0068;0.9966;-0.0610;0.0000;0.1221;0.2637;0.1099;177.8522;0.0000;0;0;0;0.00000;0.00000;0.00000;0.00000 
0x50;63377.921;-0.0039;0.0024;0.9990;-0.0610;0.0000;0.0000;0.2472;0.1099;177.9126;0.0000;0;0;0;0.00000;0.00000;0.00000;0.00000 
0x50;63377.982;0.0000;0.0063;1.0020;-0.0610;0.0000;0.0000;0.2472;0.1099;177.9620;0.0000;0;0;0;0.00000;0.00000;0.00000;0.00000 
0x50;63378.079;-0.0029;0.0015;1.0000;-0.1221;0.0000;0.0000;0.2362;0.1099;178.0225;0.0000;0;0;0;0.00000;0.00000;0.00000;0.00000 
0x50;63378.179;-0.0024;0.0044;1.0020;0.1221;0.0000;0.0000;0.2362;0.1099;178.0719;0.0000;0;0;0;0.00000;0.00000;0.00000;0.00000 
0x50;63378.277;0.0000;0.0039;0.9985;0.0000;0.0000;0.0000;0.2362;0.1099;178.1268;0.0000;0;0;0;0.00000;0.00000;0.00000;0.00000 
0x50;63378.376;-0.0024;0.0020;0.9985;0.0000;0.0000;0.0000;0.2307;0.1044;178.1763;0.0000;0;0;0;0.00000;0.00000;0.00000;0.00000 
0x50;63378.475;-0.0029;0.0059;0.9985;0.0000;0.0000;0.0000;0.2362;0.1044;178.2257;0.0000;0;0;0;0.00000;0.00000;0.00000;0.00000 
0x50;63378.574;-0.0020;0.0044;0.9985;0.0000;0.0000;0.0000;0.2362;0.0989;178.2751;0.0000;0;0;0;0.00000;0.00000;0.00000;0.00000 
0x50;63378.672;-0.0010;0.0029;0.9995;0.0000;0.0000;0.0000;0.2362;0.0989;178.3191;0.0000;0;0;0;0.00000;0.00000;0.00000;0.00000 
0x50;63378.77;-0.0039;0.0054;0.9995;0.0000;0.0000;0.0000;0.2362;0.0989;178.3575;0.0000;0;0;0;0.00000;0.00000;0.00000;0.00000 
0x50;63378.87;-0.0020;0.0049;0.9995;0.0000;0.0000;0.0000;0.2362;0.0989;178.3905;0.0000;0;0;0;0.00000;0.00000;0.00000;0.00000 
0x50;63378.972;-0.0010;0.0039;0.9985;0.0000;0.0000;0.0000;0.2362;0.0989;178.4344;0.0000;0;0;0;0.00000;0.00000;0.00000;0.00000 
0x50;63379.068;-0.0010;0.0049;0.9985;0.0000;0.0000;0.0000;0.2362;0.0989;178.4784;0.0000;0;0;0;0.00000;0.00000;0.00000;0.00000
