accel(m/s2),position(m),speed(m/s),timestamp(s)
0.05;0.05;0.05;0.1
0.0,0.0,0.0,56997.139
0.05;0.05;0.05;0.1
0.00490499999999946,-0.0010881401100646193,0.0008808348091448343,56997.238
0.00980999999999892,-0.0020744178035698975,0.002261066939722052,56997.338
-0.023543999999999586,-0.0030668344823340217,0.0003450024276455566,56997.436
-0.01471499999999947,-0.004229320413916678,-0.0007272654418418012,56997.536
-0.00490499999999946,-0.005412649573429123,-0.0008157952752611071,56997.633
0.0,-0.006605590368325371,-0.0004205554660611905,56997.732
-0.00981000000000001,-0.007807476327020101,-0.0009965056568383593,56997.831
0.023543999999999586,-0.008902930077688245,0.0017295901524081113,56997.93
-0.01471499999999947,-0.009915988572743081,0.0006680449615789588,56998.029
0.00490499999999946,-0.01092790930736746,0.0015399824494493793,56998.127
0.01471500000000056,-0.011823747236775754,0.0034107145799191973,56998.227
0.0,-0.012606086953137655,0.0038099467104103744,56998.327
0.01471500000000056,-0.013257004243871516,0.005624556877021906,56998.424
0.00980999999999892,-0.013782751250147274,0.007046195971472253,56998.527
0.0,-0.014180603248509227,0.007425466495449036,56998.622
-0.00490499999999946,-0.01463358012354734,0.007324159160303354,56998.733
0.00980999999999892,-0.014936620053297257,0.008524961113829211,56998.82
-0.00490499999999946,-0.015280606688220209,0.008420003063902665,56998.935
0.00490499999999946,-0.01549487298996485,0.009149583410929312,56999.017
0.00490499999999946,-0.015734422399051318,0.010368516429731859,56999.154
0.00490499999999946,-0.015778097960697186,0.010911253029283717,56999.215
-0.00490499999999946,-0.015834097925921248,0.01082089783847398,56999.314
-0.00490499999999946,-0.01589904305503565,0.010730542647664243,56999.413
-0.00490499999999946,-0.015972933348040393,0.010640187456854506,56999.512
-0.057879000000000166,-0.016309072886134878,0.005359292944841908,56999.61
-0.1432259999999995,-0.01843260229073763,-0.013576487357487618,56999.746
-0.3256920000000001,-0.020596839458921844,-0.033521867435961555,56999.808
-0.42673499999999986,-0.027206112377392108,-0.07579613530792526,56999.908
-0.48363300000000015,-0.0380574822541963,-0.12280092181914481,57000.006
-0.5797710000000005,-0.054168118362792034,-0.17980301101109233,57000.105
-0.7328069999999999,-0.07667191421761554,-0.25195566419803983,57000.204
-0.7563509999999996,-0.1064342001120121,-0.32643917339033673,57000.303
-0.7475220000000005,-0.1431157826983776,-0.3993050819010648,57000.401
-0.7092630000000003,-0.18771601706214866,-0.4698321497695415,57000.501
-0.7229969999999999,-0.23833234228742933,-0.5402946082855467,57000.599
-0.6994530000000003,-0.29636135499353183,-0.6091452154726709,57000.698
-0.6896430000000003,-0.36115850391081067,-0.6770246326648359,57000.797
-0.6710040000000002,-0.43258437471074457,-0.743058788856964,57000.896
-0.6710040000000002,-0.5105476269738298,-0.8090929450490921,57000.995
-0.5317020000000002,-0.5943656112426875,-0.8613362032371049,57001.094
-0.4738230000000001,-0.6830720420391021,-0.9078494404288427,57001.193
-0.3355020000000001,-0.7757054412570636,-0.9406688986203068,57001.292
-0.2589839999999998,-0.8849239647737923,-0.9694829583122218,57001.405
-0.1196819999999999,-0.9697082168375394,-0.9794322706803378,57001.491
-0.0765180000000003,-1.073151329952995,-0.9869749412645746,57001.595
0.01471500000000056,-1.1649242889466767,-0.9852538677045751,57001.687
0.0,-1.263576598914023,-0.9848586278953751,57001.786
0.03825900000000015,-1.3610099676787994,-0.9807179984075668,57001.884
0.0,-1.4592132265857334,-0.9803227585983668,57001.983
0.00980999999999892,-1.5573292828465535,-0.9789563287891476,57002.082
-0.03335399999999959,-1.6704277273606816,-0.9823035601604221,57002.196
-0.00490499999999946,-1.7539021966359374,-0.9823802251708004,57002.28
0.03825900000000015,-1.8708823292360308,-0.9773945692567204,57002.398
-0.00981000000000001,-1.9500040157177885,-0.9778599835523331,57002.478
-0.043163999999999605,-2.0481358563288294,-0.9817379797429335,57002.577
-0.04806900000000015,-2.1466756555224764,-0.9861015709338288,57002.676
-0.00981000000000001,-2.24446166004301,-0.9866717034459309,57002.774
-0.00490499999999946,-2.3442767665677797,-0.9867629713154393,57002.874
-0.03335399999999959,-2.443241929062326,-0.9896697775060916,57002.973
-0.028449000000000134,-2.5414671223122345,-0.992066532018337,57003.071
0.00490499999999946,-2.6397670315890416,-0.9911945945304667,57003.169
-0.043163999999999605,-2.7402257222149884,-0.9951117623999126,57003.269
-0.028449000000000134,-2.8672511305156094,-0.9981933039154025,57003.395
-0.00981000000000001,-2.938945203135989,-0.9986063591027703,57003.466
-0.01962000000000002,-3.039015557561787,-1.0001534992936092,57003.565
-0.01471499999999947,-3.1392150419066107,-1.0012150444843604,57003.664
0.01962000000000002,-3.2605676766566183,-0.9983815659277021,57003.784
0.00490499999999946,-3.339302778506335,-0.9976875748659026,57003.862
0.023543999999999586,-3.479315446128614,-0.9938600262046338,57004.001
0.03825900000000015,-3.538549410479172,-0.9913671982475939,57004.06
-0.01962000000000002,-3.637903087980294,-0.9929143384384328,57004.159
0.0765180000000003,-3.7359421966602815,-0.9850243269506956,57004.257
-0.00490499999999946,-3.835592565535518,-0.9851155948202039,57004.357
0.0,-3.934231186480062,-0.9847203550110332,57004.456
-0.043163999999999605,-4.032041997748159,-0.988559179523073,57004.554
0.07161300000000083,-4.135633216942483,-0.9806962261068545,57004.658
-0.057879000000000166,-4.22913037811976,-0.985761573904043,57004.752
0.06670799999999918,-4.32651562349539,-0.9788329424162877,57004.85
0.0,-4.425522328909943,-0.9784337102857965,57004.95
-0.00490499999999946,-4.522533329284189,-0.9785231527979144,57005.048
0.023543999999999586,-4.620403921096574,-0.9757970569888683,57005.147
-0.00490499999999946,-4.733944939818488,-0.9759020150388014,57005.262
0.00980999999999892,-4.815843447795169,-0.9747564223705066,57005.345
-0.028449000000000134,-4.913595924998927,-0.9771776335613631,57005.444
0.00980999999999892,-5.011400613873893,-0.9758112037522444,57005.543
-0.00490499999999946,-5.116054973606228,-0.9759079476939172,57005.649
0.00490499999999946,-5.20685128511862,-0.9750893941338227,57005.741
-0.06180299999999973,-5.348527451229008,-0.9833563211870033,57005.884
0.043163999999999605,-5.402172401498959,-0.9808098798363595,57005.938
-0.043163999999999605,-5.519534100268351,-0.9854321379221745,57006.056
0.0529740000000007,-5.59909788344335,-0.9808748322176775,57006.136
-0.07161299999999975,-5.697667608403999,-0.9875692794086193,57006.235
0.06670799999999918,-5.7962222415760385,-0.9805699475992874,57006.334
-0.09123299999999976,-5.900864589715467,-0.9897302188619099,57006.439
0.01962000000000002,-5.993869425772541,-0.9875342729805298,57006.532
-0.04806900000000015,-6.118086259953789,-0.992999781138865,57006.656
0.01471500000000056,-6.192359278357621,-0.9916154393622874,57006.73
-0.00490499999999946,-6.291665420864295,-0.9917057945530905,57006.829
-0.043163999999999605,-6.3911679967716655,-0.9955837907439761,57006.928
0.01962000000000002,-6.489741935973582,-0.9932697832561331,57007.026
-0.01962000000000002,-6.589283969390552,-0.994816923446972,57007.125
0.023543999999999586,-6.730903126223699,-0.9909343021428816,57007.266
-0.0863280000000003,-6.788166965644607,-0.9956274358279567,57007.323
0.0529740000000007,-6.8875866597691795,-0.9899877700186517,57007.422
-0.00981000000000001,-6.98675569997063,-0.9905637202094711,57007.521
0.023543999999999586,-7.085818307963967,-0.9878376244002246,57007.62
-0.03825900000000015,-7.183911057822199,-0.9911957589122738,57007.718
-0.01962000000000002,-7.321428073994518,-0.9933367508935311,57007.855
-0.04806900000000015,-7.38279632898408,-0.996025428293674,57007.916
0.0765180000000003,-7.48114032447715,-0.9881354168053511,57008.014
-0.03825900000000015,-7.581268572330591,-0.9915620846748042,57008.114
0.00490499999999946,-7.680521358825501,-0.9906812498655947,57008.213
-0.03825900000000015,-7.779898467848989,-0.9940736510562213,57008.312
0.023543999999999586,-7.879308558996161,-0.9913475552469748,57008.411
-0.01962000000000002,-7.977655777599372,-0.9928790677590585,57008.509
-0.028449000000000134,-8.078209340548177,-0.9953247356285261,57008.609
-0.05297399999999961,-8.17710648874413,-1.000124940140904,57008.707
-0.01962000000000002,-8.277327182685331,-1.0016720803316292,57008.806
0.057879000000000166,-8.377321259663278,-0.9955468195223148,57008.905
-0.0961380000000003,-8.47746369612962,-1.0046692417133052,57009.004
0.07161300000000083,-8.585755406327317,-0.9965794723339506,57009.111
-0.09123299999999976,-8.678860354122714,-1.004605614774259,57009.203
0.10104299999999977,-8.805050921499955,-0.9914761996111376,57009.328
-0.09123299999999976,-8.876473306378884,-0.9976702877981598,57009.399
0.03825900000000015,-8.977172451338916,-0.9934451556674169,57009.499
-0.043163999999999605,-9.075838293071323,-0.9972839801794569,57009.597
0.06180299999999973,-9.181392003681665,-0.990375471442703,57009.702
-0.05297399999999961,-9.274770780981758,-0.9949307675613779,57009.795
0.01471500000000056,-9.39640901021935,-0.9926671816834917,57009.916
-0.03825900000000015,-9.472816000512749,-0.995271449264346,57009.992
-0.023543999999999586,-9.572575428426536,-0.9972070654551927,57010.091
-0.028449000000000134,-9.672550519295724,-0.999628276646049,57010.19
-0.00490499999999946,-9.772649932693447,-0.9997186318368523,57010.289
-0.028449000000000134,-9.871859913667825,-1.0021153863490977,57010.387
0.01471500000000056,-9.998413639991918,-0.9997769711859763,57010.512
-0.04806900000000015,-10.072345528892916,-1.0029945687305672,57010.585
0.028448999999999048,-10.172614753937365,-0.9997828779213113,57010.684
0.00980999999999892,-10.27164731130265,-0.9984302504334499,57010.782
-0.03825900000000015,-10.402212348033823,-1.0028506519851368,57010.911
0.01962000000000002,-10.472137491324293,-1.0012214018150198,57010.98
-0.03825900000000015,-10.57255807539072,-1.0046138030056464,57011.079
0.08632799999999921,-10.672703968588893,-0.9956720911962758,57011.178
-0.057879000000000166,-10.795977260868634,-1.0022462659972324,57011.3
0.06180299999999973,-10.872823282506541,-0.9972458215784722,57011.376
-0.028449000000000134,-10.972802210231935,-0.9996670327693286,57011.475
0.03825900000000015,-11.07168680267433,-0.9955264032815202,57011.573
-0.043163999999999605,-11.172578674182734,-0.999443571151251,57011.673
0.03335400000000068,-11.272472313506995,-0.9957462853422567,57011.772
-0.043163999999999605,-11.371363665954888,-0.9995851098545818,57011.87
-0.04806900000000015,-11.472685933113235,-1.0039927777240207,57011.97
0.023543999999999586,-11.572065109991179,-1.001294218236185,57012.068
-0.01962000000000002,-11.67544506288806,-1.0028882414630615,57012.17
0.01471500000000056,-11.771720285006376,-1.0011110459390677,57012.265
-0.057879000000000166,-11.872226091658481,-1.0064458271299823,57012.364
0.043163999999999605,-11.972764880426976,-1.001777351320697,57012.463
-0.01471499999999947,-12.073125126122472,-1.002838896511448,57012.562
0.03335400000000068,-12.173354902664729,-0.9991416107021821,57012.661
-0.0961380000000003,-12.274873164907826,-1.0083561785715511,57012.761
0.06670799999999918,-12.374472681540828,-1.0014275470837959,57012.859
-0.043163999999999605,-12.495285041649455,-1.0060889768487415,57012.978
0.03335400000000068,-12.575549484489128,-1.003138617465727,57013.057
-0.07161299999999975,-12.676323324189378,-1.009833064656669,57013.156
0.028448999999999048,-12.777269560323116,-1.006621373847649,57013.255
-0.01471499999999947,-12.886264333302563,-1.0077687004680558,57013.362
-0.00490499999999946,-12.977994451648057,-1.0078508415506053,57013.452
0.0,-13.11251366548806,-1.007323855138329,57013.584
-0.04806900000000015,-13.17984318558314,-1.0102329159321521,57013.65
0.03825900000000015,-13.28078093309556,-1.0060500351228767,57013.749
-0.0961380000000003,-13.381963187898906,-1.0151724573131966,57013.848
0.06670799999999918,-13.483250535683553,-1.0081731255038646,57013.947
-0.07161299999999975,-13.583496330557898,-1.0147999520158517,57014.045
0.0529740000000007,-13.68481410378511,-1.0091602862065467,57014.144
-0.03825900000000015,-13.786020637413705,-1.0125526873974224,57014.243
0.06670799999999918,-13.887048627969284,-1.005553355588605,57014.342
-0.04806900000000015,-13.987946149371698,-1.0099169467795002,57014.441
0.028448999999999048,-14.088900689843006,-1.0067052559702443,57014.54
-0.04806900000000015,-14.188889575215065,-1.0110247704822752,57014.638
0.057879000000000166,-14.290826068436177,-1.0048376383518682,57014.738
-0.0961380000000003,-14.391888295966664,-1.0139600605428585,57014.837
0.08632799999999921,-14.491942777792849,-1.0051086690551398,57014.935
-0.04806900000000015,-14.594838574590463,-1.009560413603443,57015.036
-0.043163999999999605,-14.694058708588742,-1.0133600664369227,57015.133
-0.00490499999999946,-14.795517569183149,-1.0134504216277322,57015.232
0.01962000000000002,-14.896865190171498,-1.0111128018186653,57015.331
-0.00490499999999946,-14.997078741508702,-1.0112022443307764,57015.429
0.057879000000000166,-15.099032982122063,-1.0050151121999193,57015.529
0.21091500000000074,-15.197612592236679,-0.9839541947124325,57015.627
0.2825279999999994,-15.294751706113747,-0.9555886829026735,57015.726
0.49834799999999957,-15.388025008404872,-0.9058569910961424,57015.825
0.44537400000000105,-15.477507248693932,-0.8609203589630297,57015.925
0.6611939999999991,-15.558995645174871,-0.796397285800242,57016.022
0.7563509999999996,-15.635977029933521,-0.7203629536653193,57016.122
0.6562889999999997,-15.705188995160977,-0.6549951028596248,57016.221
0.7563509999999996,-15.766847460693304,-0.5804814573676219,57016.319
0.6710040000000002,-15.822139046930538,-0.5136568215620052,57016.418
0.6945479999999998,-15.8706996168547,-0.4445013297514308,57016.517
0.6611939999999991,-15.912577244366487,-0.3786478839409224,57016.616
0.7043580000000009,-15.947403352826978,-0.3092295524543547,57016.714
0.6180299999999995,-15.976359569246403,-0.24702732032476293,57016.814
0.5317020000000002,-15.999321845370583,-0.1939935825145107,57016.913
0.44537400000000105,-16.01745683181546,-0.14950631670442927,57017.012
0.32078699999999954,-16.031798117537637,-0.11735316389695763,57017.111
0.22955400000000087,-16.043297352242988,-0.09446562440780623,57017.209
0.12458699999999935,-16.053244390858,-0.08160769227749642,57017.309
0.01471500000000056,-16.06291166384235,-0.07964342354055075,57017.414
-0.00981000000000001,-16.07131391300888,-0.08017864998051791,57017.506
-0.00981000000000001,-16.08105877833162,-0.08079532392218977,57017.612
0.03335400000000068,-16.089384332284606,-0.0773594623622477,57017.704
-0.01471499999999947,-16.099038256168058,-0.07851751166131275,57017.812
-0.01962000000000002,-16.10719536327485,-0.07992400274392458,57017.902
-0.00490499999999946,-16.117344131235214,-0.08002531007907028,57018.013
0.03335400000000068,-16.125157472720748,-0.07677618012555523,57018.1
-0.01471499999999947,-16.135734887010575,-0.07805217889025065,57018.219
-0.01962000000000002,-16.14275890172014,-0.07927113782848393,57018.297
0.00490499999999946,-16.151694884475457,-0.07839030301927434,57018.396
0.03825900000000015,-16.160380213307658,-0.0742074222099987,57018.495
0.01962000000000002,-16.168742777358627,-0.07186980240093176,57018.594
-0.03825900000000015,-16.177157553088612,-0.07526220359180756,57018.693
-0.01471499999999947,-16.185704853421324,-0.07631302610390048,57018.791
0.023543999999999586,-16.194341847206577,-0.07355939397324326,57018.891
0.01471500000000056,-16.205903234765426,-0.07097778363317583,57019.029
-0.01962000000000002,-16.210787885202752,-0.0718998166761999,57019.088
-0.023543999999999586,-16.219133521487862,-0.07383543286690429,57019.187
0.028448999999999048,-16.227415992079973,-0.07062374205764818,57019.286
0.01962000000000002,-16.23542377179646,-0.06828612224840942,57019.385
-0.00981000000000001,-16.24334434886625,-0.06886207243918661,57019.484
-0.028449000000000134,-16.251413285425013,-0.071283283630043,57019.583
0.0,-16.25958250756717,-0.0708880438208431,57019.682
0.03335400000000068,-16.267470312904347,-0.06722810433302556,57019.78
-0.01962000000000002,-16.275334220106096,-0.06877524452386446,57019.879
-0.028449000000000134,-16.283394560701243,-0.07119645571472086,57019.978
0.06180299999999973,-16.291784991597815,-0.06422215165640939,57020.084
0.17756100000000005,-16.297916320246742,-0.047700799417593726,57020.175
0.23445900000000033,-16.302601910122014,-0.024094118609664733,57020.274
0.2060099999999991,-16.305104683157428,-0.003093886477945465,57020.374
0.048068999999999064,-16.306306635043263,0.0021643069736018428,57020.475
0.03335400000000068,-16.307023641069218,0.005749553819065958,57020.571
-0.01962000000000002,-16.307823052020133,0.003874232375735115,57020.691
0.028448999999999048,-16.308305425670945,0.006372214116136532,57020.768
-0.00490499999999946,-16.30881614043373,0.006280946246628255,57020.868
0.00490499999999946,-16.30928246686541,0.0071617810557730865,57020.967
0.0,-16.30968155527285,0.007553028543681756,57021.065
0.00490499999999946,-16.310025138592838,0.00844276067416573,57021.165
-0.01471499999999947,-16.31043450918118,0.0072310979816535975,57021.278
0.00980999999999892,-16.310736152657196,0.008390492971306326,57021.362
0.0,-16.31113141566654,0.008945425632679471,57021.501
0.00490499999999946,-16.31125791099459,0.009470367589682505,57021.56
-0.01471499999999947,-16.311504632523338,0.00840882239885335,57021.659
0.0,-16.31178433616848,0.00880406220805327,57021.758
0.00490499999999946,-16.31200087412001,0.009684897017262828,57021.857
0.0,-16.312152697163192,0.010076144505142437,57021.955
-0.00490499999999946,-16.31235190186315,0.00995384556001011,57022.089
0.00980999999999892,-16.312414395540085,0.01085099644486523,57022.154
0.01471500000000056,-16.31238021309717,0.01270302125395821,57022.253
0.0,-16.312236259965154,0.013094268741866866,57022.351
-0.00981000000000001,-16.312099294265334,0.012512500872372323,57022.451
0.00980999999999892,-16.311926904510724,0.013865128360233556,57022.549
-0.01471499999999947,-16.31173854472318,0.012803583169404387,57022.648
0.01962000000000002,-16.31148701924202,0.015141202978643131,57022.747
-0.023543999999999586,-16.311215594581764,0.013205586787938761,57022.846
-0.01962000000000002,-16.311116566362383,0.011658446597099845,57022.945
-0.028449000000000134,-16.31121159364474,0.009261692085032427,57023.043
-0.01471499999999947,-16.31147897404845,0.008200146894203272,57023.142
-0.00490499999999946,-16.31180337352105,0.008109791703393543,57023.241
-0.03335399999999959,-16.312269722792983,0.005232347191335321,57023.339
0.0,-16.312869899248206,0.005631579321826494,57023.439
-0.01471499999999947,-16.31357520356461,0.004452084665366993,57023.549
-0.03335399999999959,-16.314301168635534,0.0018682569401052423,57023.637
-0.00490499999999946,-16.315252425213533,0.0017779017493021465,57023.736
0.00980999999999892,-16.316132026173022,0.003130529237263799,57023.834
0.01471500000000056,-16.316862169983622,0.00498255404635678,57023.933
0.00490499999999946,-16.317451268827988,0.00585449153429192,57024.031
0.01962000000000002,-16.317949469572675,0.008640745448158793,57024.149
-0.01471499999999947,-16.31820780480013,0.007772208473801473,57024.23
-0.028449000000000134,-16.318689947548314,0.005350997283123021,57024.329
-0.00981000000000001,-16.31932044978492,0.00477504709230353,57024.428
0.00490499999999946,-16.319935860232917,0.005655881901513102,57024.527
0.00980999999999892,-16.32043541913744,0.007008509389374334,57024.625
0.0,-16.320917137805832,0.007463634018146467,57024.739
0.00980999999999892,-16.321196296912046,0.008609226686441193,57024.822
-0.01471499999999947,-16.321643840099235,0.007258169170904286,57024.948
0.00490499999999946,-16.321917394204473,0.007898776304863117,57025.02
-0.01471499999999947,-16.322319703270423,0.006837231114033948,57025.119
0.00980999999999892,-16.322706920547763,0.008203660923253184,57025.218
-0.00490499999999946,-16.323045075554774,0.008109655017662573,57025.321
0.00490499999999946,-16.32331710419701,0.008946003220305865,57025.415
0.00490499999999946,-16.32356143767288,0.010040373740813471,57025.538
-0.00490499999999946,-16.323664763335586,0.009971922838688904,57025.613
-0.00981000000000001,-16.323837793942182,0.009395972647869413,57025.712
-0.00981000000000001,-16.324065039193563,0.008825840135767288,57025.81
0.0,-16.32430345808275,0.009221079944967209,57025.909
-0.00981000000000001,-16.324550822135826,0.008645129754147704,57026.008
0.0,-16.324871855902515,0.009140177595948637,57026.132
-0.00490499999999946,-16.32504023691945,0.00907263937251597,57026.206
-0.00490499999999946,-16.325278259636693,0.008982284181706227,57026.305
-0.00490499999999946,-16.325522492547762,0.008892841669595045,57026.403
-0.00490499999999946,-16.32578114455516,0.008801573800093415,57026.503
-0.00490499999999946,-16.32604600276408,0.008711218609283672,57026.602
-0.00490499999999946,-16.326316800101242,0.00862177609717249,57026.7
0.0,-16.326575421330247,0.009017015906372397,57026.799
-0.00490499999999946,-16.32682165591397,0.008925748036870768,57026.899
-0.01471499999999947,-16.327156777074304,0.007767698737805695,57027.007
-0.00490499999999946,-16.327488619494847,0.007685557655249586,57027.097
0.0,-16.327836377795503,0.008076805143129195,57027.195
0.0,-16.32814579384235,0.008468052631008804,57027.293
-0.00490499999999946,-16.328446924753607,0.008376784761507175,57027.393
0.0,-16.32872694279787,0.00876803224941583,57027.491
0.0,-16.328985881144757,0.00918722598642141,57027.596
-0.00490499999999946,-16.32919745319268,0.009102346867782954,57027.689
-0.00981000000000001,-16.329459679680262,0.008520578998288425,57027.789
0.0,-16.32972831942206,0.008915818807488332,57027.888
-0.00490499999999946,-16.3299790659398,0.008826376295377136,57027.986
0.00980999999999892,-16.33016935784418,0.010192806104596358,57028.085
-0.00490499999999946,-16.330302630897506,0.010098800199005775,57028.188
0.0,-16.330410485494248,0.010478070722982541,57028.283
-0.00490499999999946,-16.330541944220805,0.010364898564802383,57028.407
-0.00981000000000001,-16.330633125776043,0.009934390341367103,57028.481
0.0,-16.330760498473463,0.010325637829246712,57028.579
0.0,-16.330850437390993,0.010720877638446633,57028.678
-0.00981000000000001,-16.33095381888972,0.010127474411559645,57028.78
-0.00490499999999946,-16.33108108324877,0.010040769935530783,57028.875
0.01962000000000002,-16.331081849397556,0.01289786081341289,57028.996
0.03335400000000068,-16.330854862786197,0.015773527553802152,57029.073
0.00490499999999946,-16.33037639620515,0.016663259684350853,57029.173
-0.00981000000000001,-16.329891447326972,0.016093127172248728,57029.271
0.023543999999999586,-16.329295027427527,0.01881922298149523,57029.37
-0.00490499999999946,-16.32856813836752,0.01872886779069212,57029.469
-0.01962000000000002,-16.327825540999985,0.016900429383285356,57029.586
0.00980999999999892,-16.327334387566186,0.018018417408964496,57029.667
0.00490499999999946,-16.326336515773047,0.019264042391655037,57029.807
-0.01471499999999947,-16.32589553042548,0.01864212702737264,57029.865
-0.00490499999999946,-16.325186173864882,0.01855177183656291,57029.964
-0.01962000000000002,-16.324563258415786,0.017020259324479065,57030.062
-0.00490499999999946,-16.324014466757774,0.016929904133669363,57030.161
-0.01471499999999947,-16.323522694168652,0.01586835894284018,57030.26
0.00490499999999946,-16.322857667953972,0.01706059999769001,57030.394
-0.01471499999999947,-16.322514909025717,0.01637434856122434,57030.458
-0.00981000000000001,-16.32204993534397,0.015792580691729785,57030.558
-0.00981000000000001,-16.321653915000997,0.015228265858302725,57030.655
-0.00490499999999946,-16.32128253069614,0.015137910667492996,57030.754
-0.023543999999999586,-16.32101143197468,0.013202294476646365,57030.853
0.00490499999999946,-16.320792544931624,0.014083129285791224,57030.952
0.00980999999999892,-16.320462418289946,0.015449559095010418,57031.051
-0.00981000000000001,-16.320093162907156,0.014873608904190927,57031.15
0.00980999999999892,-16.319595405022238,0.01650228281810734,57031.268
0.01471500000000056,-16.319133301349822,0.017980161201296932,57031.347
-0.00981000000000001,-16.318513516358504,0.017404211010477413,57031.446
-0.01962000000000002,-16.31799882434111,0.015857070819752225,57031.545
-0.023543999999999586,-16.31763894534796,0.013765041199313474,57031.652
-0.023543999999999586,-16.317506514896948,0.012005390116829079,57031.742
0.01962000000000002,-16.317253590261917,0.014980542601346014,57031.868
0.0,-16.316983847240163,0.0152679897353043,57031.94
-0.00981000000000001,-16.316632567224005,0.014692039544527122,57032.039
-0.01471499999999947,-16.316362343229216,0.01363049435369798,57032.138
-0.028449000000000134,-16.31627763201923,0.010744606267630297,57032.256
-0.00981000000000001,-16.316346915056833,0.010285009650735116,57032.335
0.01962000000000002,-16.316291069505656,0.01354350999079762,57032.473
0.0,-16.316152505610816,0.013783049269115583,57032.533
0.0,-16.315889965045706,0.014194258363509571,57032.636
-0.00490499999999946,-16.315630884929316,0.014107553887480695,57032.731
0.0,-16.315257337450625,0.014626555657116291,57032.861
-0.00981000000000001,-16.31504933198451,0.014230953505858318,57032.929
-0.00490499999999946,-16.31477668160255,0.014140598315048547,57033.028
-0.00490499999999946,-16.314512976384474,0.014050243124238804,57033.127
-0.00490499999999946,-16.314223810097083,0.013946197753004153,57033.241
-0.00490499999999946,-16.31401560223081,0.01387044542131785,57033.324
-0.00490499999999946,-16.313698493593296,0.013744495761404685,57033.462
0.00980999999999892,-16.313530212552237,0.014572635039670656,57033.522
-0.00981000000000001,-16.313250144889214,0.014002502527526217,57033.62
-0.01471499999999947,-16.313046880810827,0.012930234658038858,57033.72
-0.00490499999999946,-16.312904214575223,0.012840792145927649,57033.818
0.00980999999999892,-16.31269707931039,0.01420722195514687,57033.917
0.0,-16.312402741399445,0.014602461764346791,57034.016
-0.00981000000000001,-16.312119750717425,0.01403232925224468,57034.114
-0.00490499999999946,-16.311864453966567,0.013941061382743036,57034.214
0.00980999999999892,-16.311552065281944,0.015293688870604255,57034.312
-0.01471499999999947,-16.311219682569252,0.014221421001116896,57034.412
0.00980999999999892,-16.310879818642,0.015574048489078535,57034.51
-0.00981000000000001,-16.31049823880922,0.014998098298301371,57034.609
-0.00981000000000001,-16.310173678045306,0.014422148107481852,57034.708
-0.01471499999999947,-16.30993017330278,0.013360602916652725,57034.807
-0.00490499999999946,-16.30974533097783,0.013271160404541515,57034.905
-0.00490499999999946,-16.309566151111746,0.013179892535039872,57035.005
0.00980999999999892,-16.30932835697417,0.01453252002300151,57035.103
0.00490499999999946,-16.308977777602035,0.01541335483214637,57035.202
-0.01471499999999947,-16.308599471050524,0.014201692139556216,57035.315
0.0,-16.308347226716872,0.014541039450475163,57035.4
-0.00490499999999946,-16.307945488288947,0.014417827826644303,57035.535
-0.00490499999999946,-16.307757525301806,0.014361241747554265,57035.597
0.0,-16.3074229223914,0.014788420127171381,57035.704
-0.00490499999999946,-16.307119789481,0.014705366365923372,57035.795
0.0,-16.306706710180954,0.015180452601209898,57035.914
0.00980999999999892,-16.30636433714818,0.016270835984373927,57035.993
0.11477700000000043,-16.30528677972413,0.02814776811469813,57036.093
0.2491740000000009,-16.302432707851846,0.052958067602113704,57036.191
0.3109770000000006,-16.296778093433215,0.08414003041192913,57036.29
0.4738230000000001,-16.287358015357945,0.1309659318989262,57036.388
0.5601509999999993,-16.26550126635471,0.20881771023845372,57036.526
0.7043580000000009,-16.252378406043835,0.25131872952025663,57036.586
0.742617000000001,-16.22307584496609,0.3297127082542365,57036.691
0.7328069999999999,-16.19028831161881,0.39823504513615626,57036.784
0.7043580000000009,-16.13641039806975,0.48677883529927757,57036.909
0.6945479999999998,-16.100370909557682,0.5370737384333167,57036.981
0.6896430000000003,-16.044933190992733,0.6057436352438814,57037.08
0.742617000000001,-15.98176915364368,0.6804045673732921,57037.18
0.7043580000000009,-15.912808121877353,0.7498228988598598,57037.278
0.722997000000001,-15.83695458914747,0.8210678523463928,57037.376
0.6660990000000008,-15.719756360617193,0.9128703633668118,57037.513
0.43556399999999995,-15.663946182444775,0.9396832989670802,57037.574
0.4267350000000009,-15.568967588723847,0.9827560310969505,57037.674
0.32078699999999954,-15.471214902012385,1.0149091839067852,57037.773
0.19620000000000018,-15.371912592542301,1.0345280313942995,57037.871
0.12458699999999935,-15.26999595590134,1.0472573842037458,57037.97
-0.06180299999999973,-15.16773251752725,1.0415341270128233,57038.069
-0.00490499999999946,-15.060607842179916,1.0414392084285409,57038.173
0.03335400000000068,-14.96465452881444,1.0449124163099315,57038.266
0.00490499999999946,-14.843680594909372,1.0459534029025983,57038.383
0.00490499999999946,-14.759852241474745,1.046674085928286,57038.464
-0.043163999999999605,-14.628699460830877,1.041699282734001,57038.591
0.028448999999999048,-14.555464727989907,1.044002616546533,57038.662
0.01471500000000056,-14.453148535154877,1.0458546413557623,57038.761
0.00980999999999892,-14.350673028816228,1.0472210711649814,57038.86
-0.00981000000000001,-14.24815839373647,1.046645120974162,57038.959
-0.057879000000000166,-14.145936339867603,1.0413103397836394,57039.058
0.03825900000000015,-14.035499169818092,1.0458312311634237,57039.165
-0.023543999999999586,-13.942480782273918,1.0440715800809393,57039.255
-0.023543999999999586,-13.809440646709568,1.0415494135292644,57039.384
-0.01471499999999947,-13.738383919940627,1.0408095486992737,57039.453
-0.00490499999999946,-13.636479988632484,1.0407191935084639,57039.552
0.0529740000000007,-13.53430136645625,1.0463588593173543,57039.651
-0.05297399999999961,-13.428994212952812,1.0413627280905127,57039.753
0.0765180000000003,-13.330786706923652,1.0490112086145784,57039.848
-0.1196819999999999,-13.200976828429985,1.0344343090985602,57039.974
0.13439700000000046,-13.126958057196312,1.044398340232534,57040.046
-0.0765180000000003,-13.025049775040346,1.0372182980421103,57040.145
0.048068999999999064,-12.923241778460257,1.0423723688514053,57040.244
-0.03335399999999959,-12.822350395173613,1.039494924339347,57040.342
-0.023543999999999586,-12.720667952096608,1.0375593081485004,57040.441
0.023543999999999586,-12.592193365046004,1.0410013483116216,57040.566
-0.01962000000000002,-12.518100979052988,1.0398761554455775,57040.638
0.023543999999999586,-12.415119054684297,1.0426297875760344,57040.738
0.028448999999999048,-12.313905666349125,1.045809037064097,57040.836
-0.043163999999999605,-12.210663993818581,1.041891869194651,57040.936
-0.00490499999999946,-12.109683087400303,1.0418024266825399,57041.034
0.023543999999999586,-12.006508535907917,1.0445560588129967,57041.134
-0.03825900000000015,-11.904397151375514,1.0411636576221208,57041.233
0.00490499999999946,-11.802410089379006,1.0420444924313303,57041.332
-0.057879000000000166,-11.701668607031523,1.0367635979193177,57041.43
0.057879000000000166,-11.600888782430228,1.0428269874070897,57041.528
-0.028449000000000134,-11.498900502062014,1.040405776216233,57041.627
0.01471500000000056,-11.396940396419689,1.0422578010254622,57041.726
-0.06180299999999973,-11.29517191678772,1.0365345438349605,57041.825
-0.00490499999999946,-11.192666398572623,1.0364432759654523,57041.925
-0.028449000000000134,-11.09233251257879,1.034046521453385,57042.023
0.028448999999999048,-10.990934669690997,1.037258212262641,57042.122
-0.03335399999999959,-10.89054447375004,1.0343807677505827,57042.22
0.00490499999999946,-10.78922891785083,1.0352616025597925,57042.319
-0.03825900000000015,-10.665601666472407,1.0311153344377217,57042.44
-0.01471499999999947,-10.587114434945013,1.0302896881782313,57042.517
0.00490499999999946,-10.48620389592347,1.0311705229874408,57042.616
-0.028449000000000134,-10.385369605540223,1.0287493117967623,57042.715
0.028448999999999048,-10.275312049366308,1.0322529744977047,57042.823
-0.08142299999999975,-10.183750114864608,1.025284213414859,57042.913
0.08632799999999921,-10.07168231928018,1.0352194487584583,57043.023
-0.0961380000000003,-9.981943855962838,1.027110629033655,57043.111
0.0,-9.863086303434173,1.027577730626359,57043.228
-0.00981000000000001,-9.78181020592917,1.0271123163307887,57043.308
0.028448999999999048,-9.65868068227046,1.0310377162086635,57043.429
-0.028449000000000134,-9.581257769042171,1.0291790086278183,57043.505
0.0529740000000007,-9.479198409347799,1.034875640758647,57043.605
-0.06670800000000028,-9.379201871322223,1.0287295042466509,57043.703
0.06180299999999973,-9.277143317073415,1.035309036377052,57043.803
-0.10987199999999989,-9.177311579805227,1.0249328278651362,57043.901
0.028448999999999048,-9.07681599258269,1.0281445186743925,57044.0
0.01962000000000002,-8.976045714484531,1.0304821384836313,57044.099
-0.01962000000000002,-8.876253623105908,1.0289506259715473,57044.197
0.03335400000000068,-8.774315201684606,1.03268525810199,57044.297
-0.04806900000000015,-8.674443816681384,1.0283657435899594,57044.395
0.03825900000000015,-8.57356029689708,1.032548624399235,57044.494
-0.0765180000000003,-8.47282513660117,1.0253685822082834,57044.593
0.0765180000000003,-8.37205084756415,1.0333391040176347,57044.692
-0.01962000000000002,-8.2719787735632,1.031807591505551,57044.79
0.0529740000000007,-8.170682399977741,1.0374472573148557,57044.889
-0.01962000000000002,-8.07020772695367,1.0359157448027718,57044.987
0.023543999999999586,-7.967621843649253,1.0386693769332287,57045.087
-0.04806900000000015,-7.813027129242146,1.0320137984503663,57045.238
0.03825900000000015,-7.766030785629495,1.0339573592304834,57045.284
-0.023543999999999586,-7.664896561498279,1.0320217430396368,57045.383
0.01471500000000056,-7.5647887122031765,1.033855060527489,57045.481
-0.01471499999999947,-7.4626001923262795,1.0327827926580018,57045.581
0.00980999999999892,-7.361418799008735,1.0341492224672209,57045.68
-0.00490499999999946,-7.260174239997578,1.0340588672764113,57045.779
-0.01962000000000002,-7.160031629197269,1.0325273547643272,57045.877
-0.00490499999999946,-7.059968445193145,1.032437912252216,57045.975
-0.057879000000000166,-6.959152904980288,1.0271031310613015,57046.074
0.0529740000000007,-6.857301133050008,1.0327997631917156,57046.174
-0.03825900000000015,-6.756353621784136,1.0294073620008397,57046.273
-0.03825900000000015,-6.655741958236167,1.0260149608099638,57046.372
-0.043163999999999605,-6.544377207038285,1.0217060761534877,57046.482
0.057879000000000166,-6.456247103059602,1.0270888811069914,57046.569
-0.03825900000000015,-6.356877055381879,1.0237307465949421,57046.667
-0.00490499999999946,-6.2566639254820995,1.0236403914041325,57046.766
-0.01962000000000002,-6.149459084998324,1.021983857462463,57046.872
0.01962000000000002,-6.057399621527559,1.0241325787012234,57046.963
0.03825900000000015,-5.927435200032071,1.0295407478281315,57047.091
-0.04806900000000015,-5.856271504556453,1.0264553803194922,57047.161
0.00490499999999946,-5.754724852700346,1.0273451124499764,57047.261
-0.043163999999999605,-5.654341388810417,1.023467116259091,57047.36
0.03335400000000068,-5.555997873477824,1.0270897094257316,57047.457
-0.04806900000000015,-5.454652658711087,1.0226820415562927,57047.557
0.01962000000000002,-5.354423165847631,1.0250196613655316,57047.656
0.00980999999999892,-5.25401032253544,1.0263860911746505,57047.755
0.043163999999999605,-5.153298751387754,1.0310545669839357,57047.854
-0.0765180000000003,-5.053723786212092,1.0239470504719579,57047.952
0.08142299999999975,-4.953066191864469,1.0324031672813188,57048.051
-0.057879000000000166,-4.85225409140373,1.0270683860904042,57048.15
0.043163999999999605,-4.715744772251108,1.033387333145185,57048.284
-0.0863280000000003,-4.65152043721686,1.02820018538724,57048.347
0.023543999999999586,-4.550725418552128,1.0309262811964865,57048.446
-0.03825900000000015,-4.449963382011179,1.02753388000586,57048.545
0.023543999999999586,-4.349234327579204,1.0302599758151065,57048.644
-0.00490499999999946,-4.248374803986614,1.0301696206242967,57048.743
-0.00490499999999946,-4.147524225565325,1.0300792654334936,57048.842
0.00490499999999946,-4.047653846688203,1.030951202921429,57048.94
0.00490499999999946,-3.94565761257191,1.0318409350519129,57049.04
0.00980999999999892,-3.845591036269603,1.0331935625397741,57049.138
-0.03825900000000015,-3.7456227298114793,1.0298354280277249,57049.236
0.00980999999999892,-3.6437135481771374,1.031215660158302,57049.336
-0.03825900000000015,-3.54292286311897,1.0278232589676755,57049.435
0.06670799999999918,-3.4429767948694767,1.0347518904559454,57049.533
-0.06180299999999973,-3.3419514003838486,1.0290286332654435,57049.632
-0.01471499999999947,-3.2371966203817646,1.0279241973598254,57049.735
0.043163999999999605,-3.14041628469704,1.0324040478838525,57049.83
-0.028449000000000134,-3.009939587082174,1.0292735930109627,57049.958
-0.03335399999999959,-2.9387585406937573,1.0272182755023191,57050.028
-0.023543999999999586,-2.8382914858516433,1.0252826593114726,57050.127
-0.00490499999999946,-2.738938282001885,1.0251932167993614,57050.225
0.07161300000000083,-2.633099251972745,1.0330561702150298,57050.329
-0.00981000000000001,-2.537091319051741,1.0325093084176702,57050.423
-0.057879000000000166,-2.409884099154989,1.0257734735807915,57050.548
-0.00981000000000001,-2.3368626926225966,1.0253546007147487,57050.62
-0.06670800000000028,-2.235784183726953,1.0190830328453369,57050.72
0.028448999999999048,-2.1358677262113863,1.0222947236545932,57050.819
-0.00981000000000001,-2.0206705618394762,1.0216315082833938,57050.933
0.057879000000000166,-1.935592983415538,1.0268286992731697,57051.017
-0.07161299999999975,-1.7971285771200352,1.0175646662917852,57051.154
0.01962000000000002,-1.7367134278494931,1.0189814055700286,57051.214
-0.03335399999999959,-1.6381143589643792,1.0161039610579703,57051.312
0.023543999999999586,-1.537509654034413,1.0188575931884272,57051.412
-0.043163999999999605,-1.4108917312005214,1.0139219616727029,57051.538
0.043163999999999605,-1.3395920989973056,1.01727006048518,57051.609
-0.028449000000000134,-1.2401339543944085,1.0148488492943237,57051.708
0.0,-1.1417797101163123,1.0152400967822033,57051.806
-0.0961380000000003,-1.0418598016066691,1.0060255289121638,57051.906
-0.19620000000000018,-0.9443369294121527,0.9869969687223739,57052.005
-0.27762299999999995,-0.8188941392982919,0.9511513498129904,57052.136
-0.42183000000000037,-0.7577783473267243,0.9235740630195806,57052.202
-0.4787279999999996,-0.6698026987126956,0.8765752308278332,57052.301
-0.603315,-0.5870904730792674,0.817242285635839,57052.4
-0.6513840000000002,-0.5104877711544733,0.7531505094437498,57052.499
-0.7092630000000003,-0.4411858451071161,0.6840339829329505,57052.597
-0.771066,-0.37835726679119525,0.6080936887406244,57052.696
-0.7092630000000003,-0.32221762409226334,0.5375666208721477,57052.796
-0.7043579999999998,-0.27401936531452253,0.4689307843613393,57052.894
-0.6847379999999997,-0.23206295329359983,0.4015369621691841,57052.993
-0.752427,-0.19742642840648733,0.3281903636584652,57053.091
-0.6847379999999997,-0.16915449321536763,0.2601157957899528,57053.191
-0.6464789999999996,-0.1478684803371758,0.19715210127903665,57053.289
-0.43556399999999995,-0.12950412440195147,0.14795292990720027,57053.403
-0.3590459999999997,-0.1193931964415138,0.1184834745759675,57053.486
-0.22955399999999979,-0.10715932153769081,0.08848377130916091,57053.619
-0.1628459999999995,-0.10248210584077766,0.07815828219361409,57053.684
-0.04806900000000015,-0.0960921751006083,0.07379469100271888,57053.783
0.0,-0.08989867775429206,0.07418993081188974,57053.882
0.00490499999999946,-0.08332474633123588,0.07511525222760088,57053.986
-0.028449000000000134,-0.07744560680746326,0.07281632443015557,57054.08
0.0,-0.0698094124345735,0.0733113722719565,57054.204
0.01962000000000002,-0.0652254949257558,0.07503507172731275,57054.277
0.01471500000000056,-0.058837089030219114,0.07688709653640571,57054.376
-0.03825900000000015,-0.05252493176511419,0.07349469534552991,57054.475
-0.023543999999999586,-0.04653645286024177,0.07157863083345342,57054.573
0.023543999999999586,-0.04038428095089652,0.07433226296411066,57054.673
0.00490499999999946,-0.033031894569671816,0.07536435223543841,57054.789
-0.00490499999999946,-0.027853435941980864,0.07529042526113594,57054.87
-0.04806900000000015,-0.01935662824956652,0.06911969024385733,57055.01
0.03335400000000068,-0.016002966702013066,0.07124843055826677,57055.067
0.00490499999999946,-0.009977009820639537,0.07213816268875076,57055.167
0.00490499999999946,-0.003923471824453295,0.07301899749796031,57055.266
-0.043163999999999605,0.0019241734513616437,0.06918017298592036,57055.364
0.01962000000000002,0.0077569813244647845,0.07151779279515913,57055.463
0.03335400000000068,0.016199216591078924,0.0765595461711345,57055.598
-0.03335399999999959,0.02018528713792167,0.07473912209188543,57055.66
-0.01471499999999947,0.026462213172654736,0.07366685422239808,57055.76
-0.028449000000000134,0.032444009837460874,0.07127009971033066,57055.858
0.06670799999999918,0.038781148634031704,0.07834013184072466,57055.958
-0.028449000000000134,0.045220926505424974,0.07594337732865725,57056.056
-0.00490499999999946,0.05160310684596758,0.0758530221378475,57056.155
0.00490499999999946,0.05802441592762175,0.07673385694705706,57056.254
0.0,0.06450889070288846,0.07712909675625701,57056.353
0.03825900000000015,0.07121998244826722,0.08131197756522521,57056.452
-0.0961380000000003,0.07762595862310973,0.07228170105261339,57056.55
-0.15303599999999948,0.08291971704645373,0.057526376862594986,57056.649
-0.18639000000000017,0.0865892470982842,0.03946900667142603,57056.748
-0.19620000000000018,0.08842302359615128,0.0204404464802376,57056.847
-0.13439700000000046,0.08867583823656511,0.007530383289171522,57056.946
-0.028449000000000134,0.0880894643136374,0.004815691954092899,57057.057
-0.028449000000000134,0.08743227580977342,0.002712417586425625,57057.143
0.00490499999999946,0.0866126650406921,0.003593252395635238,57057.242
0.00980999999999892,0.08590429387022525,0.004959682204854404,57057.341
-0.00490499999999946,0.08526584596543574,0.004870239692743195,57057.439
-0.00490499999999946,0.08461178567988215,0.004779884501933479,57057.538
0.0,0.08385018686534507,0.005250978415928753,57057.656
-0.00490499999999946,0.08335584019916265,0.005177964120331419,57057.736
0.0,0.08275628158444182,0.00557320392953134,57057.835
0.0,0.08219585171083266,0.005968443738731233,57057.934
-0.01471499999999947,0.08160915481636288,0.004917621226638302,57058.032
-0.00490499999999946,0.0809597853026649,0.004827266035828587,57058.131
0.00490499999999946,0.08023210051594121,0.0058860472711090295,57058.25
0.00490499999999946,0.07982490947512066,0.0065889356541830035,57058.329
-0.00490499999999946,0.07913184524616912,0.006462073315571304,57058.468
-0.01962000000000002,0.07881614636890588,0.005540040272547203,57058.527
-0.00490499999999946,0.07822221422180442,0.00544877240304556,57058.627
-0.00981000000000001,0.07760814334643751,0.004878639890943448,57058.725
0.00490499999999946,0.07700886091488301,0.005750577378813876,57058.823
-0.00981000000000001,0.07641145747836176,0.005168809509276978,57058.923
0.0,0.07560477228122409,0.005699788242815473,57059.056
0.0,0.07525057557713855,0.005955296806356536,57059.12
0.0,0.07473325171329348,0.006346544294236145,57059.218
-0.00490499999999946,0.07422534558329053,0.006256189103426429,57059.317
-0.00490499999999946,0.073703028319276,0.006164921233924786,57059.417
-0.01471499999999947,0.07312906760130011,0.0051033760430955755,57059.516
-0.00981000000000001,0.0724811478826588,0.004533243530993464,57059.614
0.00490499999999946,0.0718417988820933,0.005414078340203077,57059.713
-0.01962000000000002,0.07116169554175988,0.003851310470722763,57059.813
-0.01962000000000002,0.07035326152827115,0.002335425637280314,57059.91
-0.00490499999999946,0.06944825465129001,0.002245070446477232,57060.009
-0.01962000000000002,0.06844028967024929,0.000666674898241848,57060.11
-0.00981000000000001,0.06736909715122619,0.0001023600648147327,57060.207
-0.00981000000000001,0.06621897983008551,-0.0004735901259624309,57060.306
0.00490499999999946,0.06508395429747149,0.00040724468324715435,57060.405
-0.00981000000000001,0.06396402055346795,-0.00016870550757236424,57060.504
-0.023543999999999586,0.06271976427356962,-0.0021043216984190094,57060.603
-0.01471499999999947,0.06119339558182324,-0.0032623709974840542,57060.711
-0.01962000000000002,0.059825503607863095,-0.0046532344013408555,57060.8
0.00490499999999946,0.05786263388364643,-0.0035321719169452703,57060.926
0.01471500000000056,0.05685131690119527,-0.00220395210422597,57060.997
0.00490499999999946,0.05553203551642627,-0.0013142199737420368,57061.097
-0.00981000000000001,0.05425519138814694,-0.0018843524858441763,57061.195
0.00490499999999946,0.052942623846751524,-0.000976825712746654,57061.297
-0.00490499999999946,0.051747771610966,-0.0010644428674673745,57061.393
0.0,0.05022275083914496,-0.0005693950256374092,57061.517
0.01471500000000056,0.049389581008212,0.0008149467509402375,57061.591
-0.00981000000000001,0.048321395218947516,0.00024481423883809805,57061.689
-0.00490499999999946,0.04720941781344812,0.00015445904802835475,57061.788
0.0,0.04611253219655942,0.0005496988572282202,57061.887
0.0,0.04505477532086011,0.0009449386663991088,57061.986
-0.00490499999999946,0.043828230403879065,0.0008390679377740518,57062.102
-0.01471499999999947,0.04292636498177216,-4.019171524144438e-05,57062.184
-0.00490499999999946,0.041573699204600856,-0.00014697512255845702,57062.301
0.00490499999999946,0.04067890825528497,0.0005648105818546467,57062.381
0.00490499999999946,0.03963650313912004,0.0014545427123386356,57062.481
-0.00981000000000001,0.03863099775407142,0.0008844102002364962,57062.579
-0.00490499999999946,0.03757150259974562,0.0007931423307348529,57062.679
-0.00981000000000001,0.03648977272284426,0.00021719213991533426,57062.778
0.0,0.03541011460169863,0.0006084396277949433,57062.876
0.0,0.03436879873428711,0.0009996871157035847,57062.974
-0.01471499999999947,0.033283479838682184,-6.185807504754948e-05,57063.073
-0.00981000000000001,0.03211710492160669,-0.0006378082658670681,57063.172
-0.00490499999999946,0.030917747888139835,-0.0007281634566768114,57063.271
-0.00490499999999946,0.0297094456907826,-0.0008185186474865547,57063.37
0.0,0.028504182651686194,-0.00041928651699535413,57063.47
-0.00981000000000001,0.02731504200216628,-0.0009894190290974936,57063.568
-0.00981000000000001,0.026056838550638006,-0.0015653692199170677,57063.667
-0.00981000000000001,0.024658815424519642,-0.002176225482871552,57063.772
-0.00981000000000001,0.02338354847961943,-0.00271145192283867,57063.864
-0.01471499999999947,0.02191541711299294,-0.0037837197923260013,57063.964
0.00490499999999946,0.020467223432494186,-0.0029117823044556013,57064.062
0.0,0.01906677992170347,-0.0025165424952556803,57064.161
0.00490499999999946,0.017742769616315268,-0.0016446050073852803,57064.259
-0.00490499999999946,0.016430372941231064,-0.001735872876886868,57064.359
0.0,0.01515931444834795,-0.0013446253889782267,57064.457
-0.00981000000000001,0.013865945567289373,-0.0019205755797554458,57064.556
-0.00490499999999946,0.012539594569745072,-0.002010930770565189,57064.655
0.0,0.011228335360811248,-0.0016156909613652681,57064.754
-0.00490499999999946,0.009932167940488235,-0.0017060461521750114,57064.853
-0.00490499999999946,0.00864047865672224,-0.0017954886642861934,57064.951
0.0,0.007337518615947225,-0.0013962565337950483,57065.051
0.0,0.00609974252478096,-0.0010050090459154393,57065.149
-0.00981000000000001,0.00483999566158777,-0.0015809592367349024,57065.248
-0.00490499999999946,0.003547266682003003,-0.0016713144275446457,57065.347
0.00490499999999946,0.002293666443530018,-0.0007904796183351159,57065.446
0.00490499999999946,0.0011272688512543594,9.03551908097433e-05,57065.545
-0.00490499999999946,0.0,0.0,57065.644
